Offer,Company Name,Product Details,Pack Details,Discounted Price,Original Price
70% OFF,House of Festivals,"House of Festivals
Tricolour Tiranga Themed Dupatta
1 pc",1 pc,₹149,₹499
56% OFF,Pearlfiesta,"Pearlfiesta
Glass Bangles - Red, Size 6.60
24 pcs",24 pcs,₹89,₹200
53% OFF,House of Festivals,"House of Festivals
Kerala Cotton Saree - 6.25 m
1 pc",1 pc,₹699,₹1500
20% OFF,Adidas T-shirt,"Adidas T-shirt
Official India Cricket ODI Fan Polo Colour Blue Jersey/Tshirt - L
1 pc - Size - L",No Pack Details,₹799,₹999
No Offer,Jockey,"Jockey
7036 Men's Compact Cotton Terry Ankle Length Socks With Stay Fresh Treatment - Black/Midgrey Melange/Charcoal Melange
3 Pairs - (Free Size)",3 Pairs - (Free Size),₹449,No Original Price
No Offer,Jockey,"Jockey
8820 Men's Super Combed Cotton Round Neck Sleeveless Vest With Extended Length For Easy Tuck - White
3 pcs - Size - M",No Pack Details,₹659,No Original Price
56% OFF,Pearlfiesta,"Pearlfiesta
Glass Bangles - Red, Size 6.09 cm
24 pcs",24 pcs,₹89,₹200
58% OFF,House of Festivals,"House of Festivals
Premium Tie & Dye Dupatta - Assorted, For Festive Wear, 2.25 m
1 pc",1 pc,₹249,₹599
No Offer,Jockey,"Jockey
8035 Men's Super Combed Cotton Solid Poco Brief With Ultrasoft Concealed Waistband - Black
3 pcs - Size - L",No Pack Details,₹529,No Original Price
No Offer,Jockey,"Jockey
1529 Women's High Coverage Super Combed Cotton Elastane Stretch Mid Waist Shorties With Concealed Waistband - Skin
1 pc - Size - XL",No Pack Details,₹339,No Original Price
No Offer,Jockey,"Jockey
1406 Women's High Coverage Super Combed Cotton Mid Waist Hipster With Concealed Waistband & StayFresh Treatment - Dark Prints
3 pcs - Size - L",No Pack Details,₹549,No Original Price
55% OFF,Indigo,"Indigo
Men's Kurta With Churidar Set
L",L,₹899,₹1999
43% OFF,Playr X Chennai Super Kings,"Playr X Chennai Super Kings
Fan Jersey T-Shirt
1 pc - Medium",1 pc - Medium,₹629,₹1099
57% OFF,Pearlfiesta,"Pearlfiesta
Metal Bangles - With Velvet Work, Red, Size 6.60 cm
24 pcs",24 pcs,₹129,₹300
No Offer,Jockey,"Jockey
7035 Men's Compact Cotton Terry Crew Length Socks With Stay Fresh Treatment - Black/Navy/Charcoal Melange
3 Pairs - (Free Size)",3 Pairs - (Free Size),₹479,No Original Price
No Offer,Jockey,"Jockey
8035 Men's Super Combed Cotton Solid Poco Brief With Ultrasoft Concealed Waistband - Grey Melange
3 pcs - Size - L",No Pack Details,₹529,No Original Price
No Offer,Jockey,"Jockey
1410 Women's Medium Coverage Super Combed Cotton Mid Waist Bikini With Concealed Waistband - Dark Assorted
3 pcs - Size - L",3 pcs - Size - L,₹499,No Original Price
No Offer,Jockey,"Jockey
3320 Boy's Super Combed Cotton Round Neck Sleeveless Vest - White
3 pcs - Age - 9-10 Yrs",No Pack Details,₹447,No Original Price
No Offer,Jockey,"Jockey
1487 Women's Super-Combed Cotton Rib Camisole With Adjustable Straps & StayFresh Treatment - White
1 pc - Size - S",No Pack Details,₹299,No Original Price
No Offer,Jockey,"Jockey
7099 Men's Compact Cotton Stretch No Show Socks With Stay Fresh Treatment - Black
1 Pair - (Free Size)",1 Pair - (Free Size),₹239,No Original Price
50% OFF,Brodees,"Brodees
Round Neck T-Shirt - Holi Theme Printed, M Size
1 pc",1 pc,₹149,₹299
No Offer,Jockey,"Jockey
7801 Unisex Kids Compact Cotton Stretch Solid Ankle Length Socks With Stay Fresh Treatment - Black
1 Pair - 9-10 Yrs",No Pack Details,₹89,No Original Price
63% OFF,Pearlfiesta,"Pearlfiesta
Women's Silk Jaipuri Bandhani Bandhej Dupatta - Red, 2.25 m
1 pc",1 pc,₹149,₹399
66% OFF,House of Festivals,"House of Festivals
Premium Kolkata Durga Puja Cotton Saree - 6.25 m
1 pc",1 pc,₹849,₹2500
No Offer,Jockey,"Jockey
3035 Boy's Super Combed Cotton Solid Brief With Ultrasoft Waistband - Assorted
3 pcs - Age - 9-10 Yrs",No Pack Details,₹456,No Original Price
50% OFF,playR x Mumbai Indians,"playR x Mumbai Indians
Fan Jersey T-Shirt
1 pc - Large",1 pc - Large,₹599,₹1199
40% OFF,playR x Mumbai Indians,"playR x Mumbai Indians
Fan Jersey T-Shirt
1 pc - X-Large",1 pc - X-Large,₹599,₹999
57% OFF,Pearlfiesta,"Pearlfiesta
India Kutchi Work Embroidered Waist Length Jacket/Koti
1 pc",1 pc,₹299,₹699
50% OFF,playR x Mumbai Indians,"playR x Mumbai Indians
Fan Jersey T-Shirt
1 pc - Medium",1 pc - Medium,₹599,₹1199
73% OFF,House of Festivals,"House of Festivals
Kolkata Durga Puja Cotton Saree
1 pc",1 pc,₹399,₹1499
57% OFF,Pearlfiesta,"Pearlfiesta
Metal Bangles - With Velvet Work, Red, Size 6.09 cm
24 pcs",24 pcs,₹129,₹300
58% OFF,Pearlfiesta,"Pearlfiesta
Women's Silk Jaipuri Bandhani Bandhej Dupatta - Pink, 2.25 m
1 pc",1 pc,₹249,₹599
43% OFF,Playr X Chennai Super Kings,"Playr X Chennai Super Kings
Fan Jersey T-Shirt
1 pc - Small",1 pc - Small,₹629,₹1099
No Offer,Jockey,"Jockey
8037 Men's Super Combed Cotton Solid Brief With Ultrasoft Waistband - Deep Navy
2 pcs - Size - L",No Pack Details,₹399,No Original Price
63% OFF,Brodees,"Brodees
T-Shirt Round Neck - I Love India Theme Printed, M
1 pc",1 pc,₹149,₹399
No Offer,Jockey,"Jockey
1487 Women's Super-Combed Cotton Rib Camisole With Adjustable Straps & StayFresh Treatment - Black
1 pc - Size - M",No Pack Details,₹299,No Original Price
30% OFF,Puma,"Puma
RCB Take Down Jersey T-Shirt IPL 2024 - Size L
1 pc",1 pc,₹699,₹999
30% OFF,Puma,"Puma
RCB Take Down Jersey T-Shirt IPL 2024 - Size M
1 pc",1 pc,₹699,₹999
30% OFF,Puma,"Puma
RCB Take Down Jersey T-Shirt IPL 2024 - Size S
1 pc",1 pc,₹699,₹999
No Offer,Jockey,"Jockey
7491 Women's Compact Cotton Stretch Solid Low Show Socks With Stay Fresh Treatment - Lavender Herb & Pink Sorbet
1 Pair - Free Size",1 Pair - Free Size,₹229,No Original Price
30% OFF,Puma,"Puma
RCB Take Down Jersey T-Shirt IPL 2024 - Size XL
1 pc",1 pc,₹699,₹999
50% OFF,Brodees,"Brodees
Round Neck T-Shirt - Holi Theme Printed, 32 Size, For Kids Aged 9-10 Years
1 pc",1 pc,₹149,₹299
55% OFF,Indigo,"Indigo
Men's Kurta With Churidar Set
XL",XL,₹899,₹1999
63% OFF,House of Festivals,"House of Festivals
Single Zari Cotton Dhoti
1 pc",1 pc,₹299,₹800
No Offer,Jockey,"Jockey
1529 Women's High Coverage Super Combed Cotton Elastane Stretch Mid Waist Shorties With Concealed Waistband - Black
1 pc - Size - XL",No Pack Details,₹339,No Original Price
43% OFF,Playr X Chennai Super Kings,"Playr X Chennai Super Kings
Fan Jersey T-Shirt
1 pc - X-Large",1 pc - X-Large,₹629,₹1099
No Offer,Jockey,"Jockey
7002 Men's Compact Cotton Stretch Ankle Length Socks With Stay Fresh Treatment - Navy
1 Pair - (Free Size)",1 Pair - (Free Size),₹149,No Original Price
63% OFF,Pearlfiesta,"Pearlfiesta
Women's Silk Jaipuri Bandhani Bandhej Dupatta - Multicolour, 2.25 m
1 pc",1 pc,₹149,₹399
